Category,Title,Products
Language - af-ZA,Lang Pack (Language Features) Feature On Demand for X64 [af-ZA],Windows 10 Feature On Demand
Language - af-ZA,Lang Pack (Language Features) Feature On Demand for X86 [af-ZA],Windows 10 Feature On Demand
Language - am-ET,Lang Pack (Language Features) Feature On Demand for X64 [am-ET],Windows 10 Feature On Demand
Language - am-ET,Lang Pack (Language Features) Feature On Demand for X86 [am-ET],Windows 10 Feature On Demand
Language - ar-SA,Lang Pack (Language Features) Feature On Demand for X64 [ar-SA],Windows 10 Feature On Demand
Language - ar-SA,Lang Pack (Language Features) Feature On Demand for X86 [ar-SA],Windows 10 Feature On Demand
Language - as-IN,Lang Pack (Language Features) Feature On Demand for X64 [as-IN],Windows 10 Feature On Demand
Language - as-IN,Lang Pack (Language Features) Feature On Demand for X86 [as-IN],Windows 10 Feature On Demand
Language - az-Latn-AZ,Lang Pack (Language Features) Feature On Demand for X64 [az-Latn-AZ],Windows 10 Feature On Demand
Language - az-Latn-AZ,Lang Pack (Language Features) Feature On Demand for X86 [az-Latn-AZ],Windows 10 Feature On Demand
Language - bg-BG,Lang Pack (Language Features) Feature On Demand for X64 [bg-BG],Windows 10 Feature On Demand
Language - bg-BG,Lang Pack (Language Features) Feature On Demand for X86 [bg-BG],Windows 10 Feature On Demand
Language - bg-BG,Update for Windows XP SP2 Bulgarian Language Interface Pack (KB883921),Windows XP
Language - bg-BG,Windows Internet Explorer 7 Bulgarian LIP Pack for Windows XP,Windows XP
Language - bn-BD,Lang Pack (Language Features) Feature On Demand for X64 [bn-BD],Windows 10 Feature On Demand
Language - bn-BD,Lang Pack (Language Features) Feature On Demand for X86 [bn-BD],Windows 10 Feature On Demand
Language - bn-IN,Lang Pack (Language Features) Feature On Demand for X64 [bn-IN],Windows 10 Feature On Demand
Language - bn-IN,Lang Pack (Language Features) Feature On Demand for X86 [bn-IN],Windows 10 Feature On Demand
Language - bs-Cyrl-BA,Windows Internet Explorer 7 Bosnian (Cyrillic) LIP Pack for Windows XP,Windows XP
Language - bs-Latn-BA,Lang Pack (Language Features) Feature On Demand for X64 [bs-Latn-BA],Windows 10 Feature On Demand
Language - bs-Latn-BA,Lang Pack (Language Features) Feature On Demand for X86 [bs-Latn-BA],Windows 10 Feature On Demand
Language - bs-Latn-BA,Windows Internet Explorer 7 Bosnian (Latin) LIP Pack for Windows XP,Windows XP
Language - ca-ES,Lang Pack (Language Features) Feature On Demand for X64 [ca-ES],Windows 10 Feature On Demand
Language - ca-ES,Lang Pack (Language Features) Feature On Demand for X86 [ca-ES],Windows 10 Feature On Demand
Language - chr-Cher-US,Lang Pack (Language Features) Feature On Demand for X64 [chr-CHER-US],Windows 10 Feature On Demand
Language - chr-Cher-US,Lang Pack (Language Features) Feature On Demand for X86 [chr-CHER-US],Windows 10 Feature On Demand
Language - cs-CZ,Lang Pack (Language Features) Feature On Demand for X64 [cs-CZ],Windows 10 Feature On Demand
Language - cs-CZ,Lang Pack (Language Features) Feature On Demand for X86 [cs-CZ],Windows 10 Feature On Demand
Language - cy-GB,Lang Pack (Language Features) Feature On Demand for X64 [cy-GB],Windows 10 Feature On Demand
Language - cy-GB,Lang Pack (Language Features) Feature On Demand for X86 [cy-GB],Windows 10 Feature On Demand
Language - cy-GB,Windows Internet Explorer 7 Welsh LIP Pack for Windows XP,Windows XP
Language - da-DK,Lang Pack (Language Features) Feature On Demand for X64 [da-DK],Windows 10 Feature On Demand
Language - da-DK,Lang Pack (Language Features) Feature On Demand for X86 [da-DK],Windows 10 Feature On Demand
Language - de-DE,Lang Pack (Language Features) Feature On Demand for X64 [de-DE],Windows 10 Feature On Demand
Language - de-DE,Lang Pack (Language Features) Feature On Demand for X86 [de-DE],Windows 10 Feature On Demand
Language - el-GR,Lang Pack (Language Features) Feature On Demand for X64 [el-GR],Windows 10 Feature On Demand
Language - el-GR,Lang Pack (Language Features) Feature On Demand for X86 [el-GR],Windows 10 Feature On Demand
Language - en-CA,Lang Pack (Language Features) Feature On Demand for X64 [en-ca],Windows 10 Feature On Demand
Language - en-CA,Lang Pack (Language Features) Feature On Demand for X86 [en-ca],Windows 10 Feature On Demand
Language - en-GB,Lang Pack (Language Features) Feature On Demand for X64 [en-GB],Windows 10 Feature On Demand
Language - en-GB,Lang Pack (Language Features) Feature On Demand for X86 [en-GB],Windows 10 Feature On Demand
Language - en-IN,Lang Pack (Language Features) Feature On Demand for X64 [en-in],Windows 10 Feature On Demand
Language - en-IN,Lang Pack (Language Features) Feature On Demand for X86 [en-in],Windows 10 Feature On Demand
Language - en-US,Lang Pack (Language Features) Feature On Demand for X64 [en-US],Windows 10 Feature On Demand
Language - en-US,Lang Pack (Language Features) Feature On Demand for X86 [en-US],Windows 10 Feature On Demand
Language - en-US,Office XP Service Pack 3 for English User Interface Pack,Office 2002/XP
Language - es-ES,Lang Pack (Language Features) Feature On Demand for X64 [es-ES],Windows 10 Feature On Demand
Language - es-ES,Lang Pack (Language Features) Feature On Demand for X86 [es-ES],Windows 10 Feature On Demand
Language - es-MX,Lang Pack (Language Features) Feature On Demand for X64 [es-MX],Windows 10 Feature On Demand
Language - es-MX,Lang Pack (Language Features) Feature On Demand for X86 [es-MX],Windows 10 Feature On Demand
Language - et-EE,Lang Pack (Language Features) Feature On Demand for X64 [et-EE],Windows 10 Feature On Demand
Language - et-EE,Lang Pack (Language Features) Feature On Demand for X86 [et-EE],Windows 10 Feature On Demand
Language - et-EE,Update for Windows XP SP2 Estonian Language Interface Pack (KB883921),Windows XP
Language - et-EE,Windows Internet Explorer 7 Estonian LIP Pack for Windows XP,Windows XP
Language - eu-ES,Lang Pack (Language Features) Feature On Demand for X64 [eu-ES],Windows 10 Feature On Demand
Language - eu-ES,Lang Pack (Language Features) Feature On Demand for X86 [eu-ES],Windows 10 Feature On Demand
Language - fa-IR,Lang Pack (Language Features) Feature On Demand for X64 [fa-IR],Windows 10 Feature On Demand
Language - fa-IR,Lang Pack (Language Features) Feature On Demand for X86 [fa-IR],Windows 10 Feature On Demand
Language - fi-FI,Lang Pack (Language Features) Feature On Demand for X64 [fi-FI],Windows 10 Feature On Demand
Language - fi-FI,Lang Pack (Language Features) Feature On Demand for X86 [fi-FI],Windows 10 Feature On Demand
Language - fr-CA,Lang Pack (Language Features) Feature On Demand for X64 [fr-CA],Windows 10 Feature On Demand
Language - fr-CA,Lang Pack (Language Features) Feature On Demand for X86 [fr-CA],Windows 10 Feature On Demand
Language - fr-FR,Lang Pack (Language Features) Feature On Demand for X64 [fr-FR],Windows 10 Feature On Demand
Language - fr-FR,Lang Pack (Language Features) Feature On Demand for X86 [fr-FR],Windows 10 Feature On Demand
Language - ga-IE,Lang Pack (Language Features) Feature On Demand for X64 [ga-IE],Windows 10 Feature On Demand
Language - ga-IE,Lang Pack (Language Features) Feature On Demand for X86 [ga-IE],Windows 10 Feature On Demand
Language - gd-GB,Lang Pack (Language Features) Feature On Demand for X64 [gd-GB],Windows 10 Feature On Demand
Language - gd-GB,Lang Pack (Language Features) Feature On Demand for X86 [gd-GB],Windows 10 Feature On Demand
Language - gl-ES,Lang Pack (Language Features) Feature On Demand for X64 [gl-ES],Windows 10 Feature On Demand
Language - gl-ES,Lang Pack (Language Features) Feature On Demand for X86 [gl-ES],Windows 10 Feature On Demand
Language - gu-IN,Lang Pack (Language Features) Feature On Demand for X64 [gu-IN],Windows 10 Feature On Demand
Language - gu-IN,Lang Pack (Language Features) Feature On Demand for X86 [gu-IN],Windows 10 Feature On Demand
Language - gu-IN,Windows Internet Explorer 7 Gujarati LIP Pack for Windows XP,Windows XP
Language - ha-Latn-NG,Lang Pack (Language Features) Feature On Demand for X64 [ha-Latn-NG],Windows 10 Feature On Demand
Language - ha-Latn-NG,Lang Pack (Language Features) Feature On Demand for X86 [ha-Latn-NG],Windows 10 Feature On Demand
Language - he-IL,Lang Pack (Language Features) Feature On Demand for X64 [he-IL],Windows 10 Feature On Demand
Language - he-IL,Lang Pack (Language Features) Feature On Demand for X86 [he-IL],Windows 10 Feature On Demand
Language - hi-IN,Lang Pack (Language Features) Feature On Demand for X64 [hi-IN],Windows 10 Feature On Demand
Language - hi-IN,Lang Pack (Language Features) Feature On Demand for X86 [hi-IN],Windows 10 Feature On Demand
Language - hi-IN,Update for Windows XP SP2 Hindi Language Interface Pack (KB883921),Windows XP
Language - hi-IN,Windows Internet Explorer 7 Hindi LIP Pack for Windows XP,Windows XP
Language - hr-HR,Lang Pack (Language Features) Feature On Demand for X64 [hr-HR],Windows 10 Feature On Demand
Language - hr-HR,Lang Pack (Language Features) Feature On Demand for X86 [hr-HR],Windows 10 Feature On Demand
Language - hr-HR,Update for Windows XP SP2 Croatian Language Interface Pack (KB883921),Windows XP
Language - hr-HR,Windows Internet Explorer 7 Croatian LIP Pack for Windows XP,Windows XP
Language - hu-HU,Lang Pack (Language Features) Feature On Demand for X64 [hu-HU],Windows 10 Feature On Demand
Language - hu-HU,Lang Pack (Language Features) Feature On Demand for X86 [hu-HU],Windows 10 Feature On Demand
Language - hy-AM,Lang Pack (Language Features) Feature On Demand for X64 [hy-AM],Windows 10 Feature On Demand
Language - hy-AM,Lang Pack (Language Features) Feature On Demand for X86 [hy-AM],Windows 10 Feature On Demand
Language - id-ID,Lang Pack (Language Features) Feature On Demand for X64 [id-ID],Windows 10 Feature On Demand
Language - id-ID,Lang Pack (Language Features) Feature On Demand for X86 [id-ID],Windows 10 Feature On Demand
Language - id-ID,Update for Windows XP SP2 Indonesian Language Interface Pack (KB883921),Windows XP
Language - id-ID,Windows Internet Explorer 7 Indonesian LIP Pack for Windows XP,Windows XP
Language - ig-NG,Lang Pack (Language Features) Feature On Demand for X64 [ig-NG],Windows 10 Feature On Demand
Language - ig-NG,Lang Pack (Language Features) Feature On Demand for X86 [ig-NG],Windows 10 Feature On Demand
Language - is-IS,Lang Pack (Language Features) Feature On Demand for X64 [is-IS],Windows 10 Feature On Demand
Language - is-IS,Lang Pack (Language Features) Feature On Demand for X86 [is-IS],Windows 10 Feature On Demand
Language - is-IS,Update for Windows XP SP2 Icelandic Language Interface Pack (KB883921),Windows XP
Language - it-IT,Lang Pack (Language Features) Feature On Demand for X64 [it-IT],Windows 10 Feature On Demand
Language - it-IT,Lang Pack (Language Features) Feature On Demand for X86 [it-IT],Windows 10 Feature On Demand
Language - ja-JP,Lang Pack (Language Features) Feature On Demand for X64 [ja-JP],Windows 10 Feature On Demand
Language - ja-JP,Lang Pack (Language Features) Feature On Demand for X86 [ja-JP],Windows 10 Feature On Demand
Language - ja-JP,Office XP Input Method Editor Update: KB835727 for Japanese User Interface Pack,Office 2002/XP
Language - ja-JP,Update for Japanese Microsoft IME Postal Code Dictionary - KB2880582 (Version 16.0.1171.1),Windows Dictionary Updates
Language - ja-JP,Update for Japanese Microsoft IME Postal Code Dictionary (KB2734786),Windows Dictionary Updates
Language - ja-JP,Update for Japanese Microsoft IME Standard Dictionary - KB2880582 (Version 16.0.1065.1),Windows Dictionary Updates
Language - ja-JP,Update for Japanese Microsoft IME Standard Dictionary (KB2734786),Windows Dictionary Updates
Language - ja-JP,Update for Japanese Microsoft IME Standard Extended Dictionary (KB2734786),Windows Dictionary Updates
Language - ja-JP,Update for Japanese Microsoft IME Trending Words Dictionary - KB2880582 (Version 16.0.1016.1),Windows Dictionary Updates
Language - ka-GE,Lang Pack (Language Features) Feature On Demand for X64 [ka-GE],Windows 10 Feature On Demand
Language - ka-GE,Lang Pack (Language Features) Feature On Demand for X86 [ka-GE],Windows 10 Feature On Demand
Language - kk-KZ,Lang Pack (Language Features) Feature On Demand for X64 [kk-KZ],Windows 10 Feature On Demand
Language - kk-KZ,Lang Pack (Language Features) Feature On Demand for X86 [kk-KZ],Windows 10 Feature On Demand
Language - km-KH,Lang Pack (Language Features) Feature On Demand for X64 [km-KH],Windows 10 Feature On Demand
Language - km-KH,Lang Pack (Language Features) Feature On Demand for X86 [km-KH],Windows 10 Feature On Demand
Language - kn-IN,Lang Pack (Language Features) Feature On Demand for X64 [kn-IN],Windows 10 Feature On Demand
Language - kn-IN,Lang Pack (Language Features) Feature On Demand for X86 [kn-IN],Windows 10 Feature On Demand
Language - kok-IN,Lang Pack (Language Features) Feature On Demand for X64 [kok-IN],Windows 10 Feature On Demand
Language - kok-IN,Lang Pack (Language Features) Feature On Demand for X86 [kok-IN],Windows 10 Feature On Demand
Language - ko-KR,Lang Pack (Language Features) Feature On Demand for X64 [ko-KR],Windows 10 Feature On Demand
Language - ko-KR,Lang Pack (Language Features) Feature On Demand for X86 [ko-KR],Windows 10 Feature On Demand
Language - ko-KR,Update for Korean Microsoft IME Prediction Dictionary - KB2880581 (Version 16.0.662.1),Windows Dictionary Updates
Language - ky-KG,Lang Pack (Language Features) Feature On Demand for X64 [ky-KG],Windows 10 Feature On Demand
Language - ky-KG,Lang Pack (Language Features) Feature On Demand for X86 [ky-KG],Windows 10 Feature On Demand
Language - lb-LU,Lang Pack (Language Features) Feature On Demand for X64 [lb-LU],Windows 10 Feature On Demand
Language - lb-LU,Lang Pack (Language Features) Feature On Demand for X86 [lb-LU],Windows 10 Feature On Demand
Language - lt-LT,Lang Pack (Language Features) Feature On Demand for X64 [lt-LT],Windows 10 Feature On Demand
Language - lt-LT,Lang Pack (Language Features) Feature On Demand for X86 [lt-LT],Windows 10 Feature On Demand
Language - lt-LT,Update for Windows XP SP2 Lithuanian Language Interface Pack (KB883921),Windows XP
Language - lt-LT,Windows Internet Explorer 7 Lithuanian LIP Pack for Windows XP,Windows XP
Language - lv-LV,Lang Pack (Language Features) Feature On Demand for X64 [lv-LV],Windows 10 Feature On Demand
Language - lv-LV,Lang Pack (Language Features) Feature On Demand for X86 [lv-LV],Windows 10 Feature On Demand
Language - lv-LV,Update for Windows XP SP2 Latvian Language Interface Pack (KB883921),Windows XP
Language - lv-LV,Windows Internet Explorer 7 Latvian LIP Pack for Windows XP,Windows XP
Language - mi-NZ,Lang Pack (Language Features) Feature On Demand for X64 [mi-NZ],Windows 10 Feature On Demand
Language - mi-NZ,Lang Pack (Language Features) Feature On Demand for X86 [mi-NZ],Windows 10 Feature On Demand
Language - mk-MK,Lang Pack (Language Features) Feature On Demand for X64 [mk-MK],Windows 10 Feature On Demand
Language - mk-MK,Lang Pack (Language Features) Feature On Demand for X86 [mk-MK],Windows 10 Feature On Demand
Language - mk-MK,Windows Internet Explorer 7 Macedonian LIP Pack for Windows XP,Windows XP
Language - ml-IN,Lang Pack (Language Features) Feature On Demand for X64 [ml-IN],Windows 10 Feature On Demand
Language - ml-IN,Lang Pack (Language Features) Feature On Demand for X86 [ml-IN],Windows 10 Feature On Demand
Language - mr-IN,Lang Pack (Language Features) Feature On Demand for X64 [mr-IN],Windows 10 Feature On Demand
Language - mr-IN,Lang Pack (Language Features) Feature On Demand for X86 [mr-IN],Windows 10 Feature On Demand
Language - mr-IN,Windows Internet Explorer 7 Marathi LIP Pack for Windows XP,Windows XP
Language - ms-BN,Lang Pack (Language Features) Feature On Demand for X64 [ms-BN],Windows 10 Feature On Demand
Language - ms-BN,Lang Pack (Language Features) Feature On Demand for X86 [ms-BN],Windows 10 Feature On Demand
Language - ms-MY,Lang Pack (Language Features) Feature On Demand for X64 [ms-MY],Windows 10 Feature On Demand
Language - ms-MY,Lang Pack (Language Features) Feature On Demand for X86 [ms-MY],Windows 10 Feature On Demand
Language - ms-MY,Update for Windows XP SP2 Malay Language Interface Pack (KB883921),Windows XP
Language - mt-MT,Lang Pack (Language Features) Feature On Demand for X64 [mt-MT],Windows 10 Feature On Demand
Language - mt-MT,Lang Pack (Language Features) Feature On Demand for X86 [mt-MT],Windows 10 Feature On Demand
Language - nb-NO,Lang Pack (Language Features) Feature On Demand for X64 [nb-NO],Windows 10 Feature On Demand
Language - nb-NO,Lang Pack (Language Features) Feature On Demand for X86 [nb-NO],Windows 10 Feature On Demand
Language - ne-NP,Lang Pack (Language Features) Feature On Demand for X64 [ne-NP],Windows 10 Feature On Demand
Language - ne-NP,Lang Pack (Language Features) Feature On Demand for X86 [ne-NP],Windows 10 Feature On Demand
Language - nl-NL,Lang Pack (Language Features) Feature On Demand for X64 [nl-NL],Windows 10 Feature On Demand
Language - nl-NL,Lang Pack (Language Features) Feature On Demand for X86 [nl-NL],Windows 10 Feature On Demand
Language - nn-NO,Lang Pack (Language Features) Feature On Demand for X64 [nn-NO],Windows 10 Feature On Demand
Language - nn-NO,Lang Pack (Language Features) Feature On Demand for X86 [nn-NO],Windows 10 Feature On Demand
Language - nso-ZA,Lang Pack (Language Features) Feature On Demand for X64 [nso-ZA],Windows 10 Feature On Demand
Language - nso-ZA,Lang Pack (Language Features) Feature On Demand for X86 [nso-ZA],Windows 10 Feature On Demand
Language - or-IN,Lang Pack (Language Features) Feature On Demand for X64 [or-IN],Windows 10 Feature On Demand
Language - or-IN,Lang Pack (Language Features) Feature On Demand for X86 [or-IN],Windows 10 Feature On Demand
Language - pa-IN,Lang Pack (Language Features) Feature On Demand for X64 [pa-IN],Windows 10 Feature On Demand
Language - pa-IN,Lang Pack (Language Features) Feature On Demand for X86 [pa-IN],Windows 10 Feature On Demand
Language - pl-PL,Lang Pack (Language Features) Feature On Demand for X64 [pl-PL],Windows 10 Feature On Demand
Language - pl-PL,Lang Pack (Language Features) Feature On Demand for X86 [pl-PL],Windows 10 Feature On Demand
Language - ps-AF,Lang Pack (Language Features) Feature On Demand for X64 [ps-AF],Windows 10 Feature On Demand
Language - ps-AF,Lang Pack (Language Features) Feature On Demand for X86 [ps-AF],Windows 10 Feature On Demand
Language - pt-BR,Lang Pack (Language Features) Feature On Demand for X64 [pt-BR],Windows 10 Feature On Demand
Language - pt-BR,Lang Pack (Language Features) Feature On Demand for X86 [pt-BR],Windows 10 Feature On Demand
Language - pt-PT,Lang Pack (Language Features) Feature On Demand for X64 [pt-PT],Windows 10 Feature On Demand
Language - pt-PT,Lang Pack (Language Features) Feature On Demand for X86 [pt-PT],Windows 10 Feature On Demand
Language - rm-CH,Lang Pack (Language Features) Feature On Demand for X64 [rm-CH],Windows 10 Feature On Demand
Language - rm-CH,Lang Pack (Language Features) Feature On Demand for X86 [rm-CH],Windows 10 Feature On Demand
Language - ro-RO,Lang Pack (Language Features) Feature On Demand for X64 [ro-RO],Windows 10 Feature On Demand
Language - ro-RO,Lang Pack (Language Features) Feature On Demand for X86 [ro-RO],Windows 10 Feature On Demand
Language - ro-RO,Update for Windows XP SP2 Romanian Language Interface Pack (KB883921),Windows XP
Language - ro-RO,Windows Internet Explorer 7 Romanian LIP Pack for Windows XP,Windows XP
Language - ru-RU,Lang Pack (Language Features) Feature On Demand for X64 [ru-RU],Windows 10 Feature On Demand
Language - ru-RU,Lang Pack (Language Features) Feature On Demand for X86 [ru-RU],Windows 10 Feature On Demand
Language - rw-RW,Lang Pack (Language Features) Feature On Demand for X64 [rw-RW],Windows 10 Feature On Demand
Language - rw-RW,Lang Pack (Language Features) Feature On Demand for X86 [rw-RW],Windows 10 Feature On Demand
Language - si-LK,Lang Pack (Language Features) Feature On Demand for X64 [si-LK],Windows 10 Feature On Demand
Language - si-LK,Lang Pack (Language Features) Feature On Demand for X86 [si-LK],Windows 10 Feature On Demand
Language - sk-SK,Lang Pack (Language Features) Feature On Demand for X64 [sk-SK],Windows 10 Feature On Demand
Language - sk-SK,Lang Pack (Language Features) Feature On Demand for X86 [sk-SK],Windows 10 Feature On Demand
Language - sk-SK,Slovak Interface for Windows Media Player Series 9,Windows XP
Language - sk-SK,Slovak Interface for Windows Movie Maker (Version 2.1),Windows XP
Language - sk-SK,Windows Internet Explorer 7 Slovak LIP Pack for Windows XP,Windows XP
Language - sl-SI,Lang Pack (Language Features) Feature On Demand for X64 [sl-SI],Windows 10 Feature On Demand
Language - sl-SI,Lang Pack (Language Features) Feature On Demand for X86 [sl-SI],Windows 10 Feature On Demand
Language - sl-SI,Slovenian Interface for Windows Media Player Series 9,Windows XP
Language - sl-SI,Slovenian Interface for Windows Movie Maker (Version 2.1),Windows XP
Language - sq-AL,Lang Pack (Language Features) Feature On Demand for X64 [sq-AL],Windows 10 Feature On Demand
Language - sq-AL,Lang Pack (Language Features) Feature On Demand for X86 [sq-AL],Windows 10 Feature On Demand
Language - sq-AL,Windows Internet Explorer 7 Albanian LIP Pack for Windows XP,Windows XP
Language - sr-Cyrl-RS,Lang Pack (Language Features) Feature On Demand for X64 [sr-Cyrl-RS],Windows 10 Feature On Demand
Language - sr-Cyrl-RS,Lang Pack (Language Features) Feature On Demand for X86 [sr-Cyrl-RS],Windows 10 Feature On Demand
Language - sr-Cyrl-RS,Update for Windows XP SP2 Serbian-Cyrillic Language Interface Pack (KB883921),Windows XP
Language - sr-Latn-RS,Lang Pack (Language Features) Feature On Demand for X64 [sr-Latn-RS],Windows 10 Feature On Demand
Language - sr-Latn-RS,Lang Pack (Language Features) Feature On Demand for X86 [sr-Latn-RS],Windows 10 Feature On Demand
Language - sr-Latn-RS,Update for Windows XP SP2 Serbian-Latin Language Interface Pack (KB883921),Windows XP
Language - sr-Latn-RS,Windows Internet Explorer 7 Serbian (Latin) LIP Pack for Windows XP,Windows XP
Language - sr-Latn-RS,Windows Internet Explorer 7 Serbian LIP Pack for Windows XP,Windows XP
Language - sv-SE,Lang Pack (Language Features) Feature On Demand for X64 [sv-SE],Windows 10 Feature On Demand
Language - sv-SE,Lang Pack (Language Features) Feature On Demand for X86 [sv-SE],Windows 10 Feature On Demand
Language - sw-KE,Lang Pack (Language Features) Feature On Demand for X64 [sw-KE],Windows 10 Feature On Demand
Language - sw-KE,Lang Pack (Language Features) Feature On Demand for X86 [sw-KE],Windows 10 Feature On Demand
Language - ta-IN,Lang Pack (Language Features) Feature On Demand for X64 [ta-IN],Windows 10 Feature On Demand
Language - ta-IN,Lang Pack (Language Features) Feature On Demand for X86 [ta-IN],Windows 10 Feature On Demand
Language - ta-IN,Windows Internet Explorer 7 Tamil LIP Pack for Windows XP,Windows XP
Language - te-IN,Lang Pack (Language Features) Feature On Demand for X64 [te-IN],Windows 10 Feature On Demand
Language - te-IN,Lang Pack (Language Features) Feature On Demand for X86 [te-IN],Windows 10 Feature On Demand
Language - th-TH,Lang Pack (Language Features) Feature On Demand for X64 [th-TH],Windows 10 Feature On Demand
Language - th-TH,Lang Pack (Language Features) Feature On Demand for X86 [th-TH],Windows 10 Feature On Demand
Language - th-TH,Update for Windows XP SP2 Thai Language Interface Pack (KB883921),Windows XP
Language - th-TH,Windows Internet Explorer 7 Thai LIP Pack for Windows XP,Windows XP
Language - tn-ZA,Lang Pack (Language Features) Feature On Demand for X64 [tn-ZA],Windows 10 Feature On Demand
Language - tn-ZA,Lang Pack (Language Features) Feature On Demand for X86 [tn-ZA],Windows 10 Feature On Demand
Language - tr-TR,Lang Pack (Language Features) Feature On Demand for X64 [tr-TR],Windows 10 Feature On Demand
Language - tr-TR,Lang Pack (Language Features) Feature On Demand for X86 [tr-TR],Windows 10 Feature On Demand
Language - tt-RU,Lang Pack (Language Features) Feature On Demand for X64 [tt-RU],Windows 10 Feature On Demand
Language - tt-RU,Lang Pack (Language Features) Feature On Demand for X86 [tt-RU],Windows 10 Feature On Demand
Language - uk-UA,Lang Pack (Language Features) Feature On Demand for X64 [uk-UA],Windows 10 Feature On Demand
Language - uk-UA,Lang Pack (Language Features) Feature On Demand for X86 [uk-UA],Windows 10 Feature On Demand
Language - ur-PK,Lang Pack (Language Features) Feature On Demand for X64 [ur-PK],Windows 10 Feature On Demand
Language - ur-PK,Lang Pack (Language Features) Feature On Demand for X86 [ur-PK],Windows 10 Feature On Demand
Language - uz-Latn-UZ,Lang Pack (Language Features) Feature On Demand for X64 [uz-Latn-UZ],Windows 10 Feature On Demand
Language - uz-Latn-UZ,Lang Pack (Language Features) Feature On Demand for X86 [uz-Latn-UZ],Windows 10 Feature On Demand
Language - vi-VN,Lang Pack (Language Features) Feature On Demand for X64 [vi-VN],Windows 10 Feature On Demand
Language - vi-VN,Lang Pack (Language Features) Feature On Demand for X86 [vi-VN],Windows 10 Feature On Demand
Language - vi-VN,Windows Internet Explorer 7 Vietnamese LIP Pack for Windows XP,Windows XP
Language - wo-SN,Lang Pack (Language Features) Feature On Demand for X64 [wo-SN],Windows 10 Feature On Demand
Language - wo-SN,Lang Pack (Language Features) Feature On Demand for X86 [wo-SN],Windows 10 Feature On Demand
Language - xh-ZA,Lang Pack (Language Features) Feature On Demand for X64 [xh-ZA],Windows 10 Feature On Demand
Language - xh-ZA,Lang Pack (Language Features) Feature On Demand for X86 [xh-ZA],Windows 10 Feature On Demand
Language - yo-NG,Lang Pack (Language Features) Feature On Demand for X64 [yo-NG],Windows 10 Feature On Demand
Language - yo-NG,Lang Pack (Language Features) Feature On Demand for X86 [yo-NG],Windows 10 Feature On Demand
Language - zh-CN,Lang Pack (Language Features) Feature On Demand for X64 [zh-CN],Windows 10 Feature On Demand
Language - zh-CN,Lang Pack (Language Features) Feature On Demand for X86 [zh-CN],Windows 10 Feature On Demand
Language - zh-HK,Lang Pack (Language Features) Feature On Demand for X64 [zh-HK],Windows 10 Feature On Demand
Language - zh-HK,Lang Pack (Language Features) Feature On Demand for X86 [zh-HK],Windows 10 Feature On Demand
Language - zh-TW,Lang Pack (Language Features) Feature On Demand for X64 [zh-TW],Windows 10 Feature On Demand
Language - zh-TW,Lang Pack (Language Features) Feature On Demand for X86 [zh-TW],Windows 10 Feature On Demand
Language - zh-TW,Lang Pack Taiwan Calendar Feature On Demand for X64 [zh-TW],Windows 10 Feature On Demand
Language - zh-TW,Lang Pack Taiwan Calendar Feature On Demand for X86 [zh-TW],Windows 10 Feature On Demand
Language - zu-ZA,Lang Pack (Language Features) Feature On Demand for X64 [zu-ZA],Windows 10 Feature On Demand
Language - zu-ZA,Lang Pack (Language Features) Feature On Demand for X86 [zu-ZA],Windows 10 Feature On Demand
Language Packs,Internet Explorer 8 for Windows XP with Language Interface Pack,Windows XP
Language Packs,Internet Explorer 8 Language Packs for Windows Server 2008 x64 Edition,Windows Server 2008
Language Packs,Internet Explorer 8 Language Packs for Windows Server 2008,Windows Server 2008
Language Packs,Internet Explorer 8 Language Packs for Windows Vista for x64-based Systems,Windows Vista
Language Packs,Internet Explorer 8 Language Packs for Windows Vista,Windows Vista
Language Packs,Microsoft .NET Framework 4.5.2 Language Packs (KB2901983),"Windows Server 2008, Windows 7, Windows Server 2008 R2, Windows Vista"
Language Packs,Microsoft .NET Framework 4.5.2 Language Packs for Windows 8 (KB2938103),Windows 8
Language Packs,Microsoft .NET Framework 4.5.2 Language Packs for Windows 8 and Windows Server 2012 for x64-based Systems (KB2938103),"Windows 8, Windows Server 2012"
Language Packs,Microsoft .NET Framework 4.5.2 Language Packs for Windows 8.1 (KB2938104),Windows 8.1
Language Packs,Microsoft .NET Framework 4.5.2 Language Packs for Windows 8.1 and Windows Server 2012 R2 for x64-based Systems (KB2938104),"Windows Server 2012 R2, Windows 8.1"
Language Packs,Microsoft .NET Framework 4.5.2 Upgrade Language Packs (KB2901983),"Windows Server 2008, Windows 7, Windows Server 2008 R2, Windows Vista"
Language Packs,Microsoft .NET Framework 4.6.1 Language Packs (KB3102433),Windows 7
Language Packs,Microsoft .NET Framework 4.6.1 Language Packs for Windows Server 2012 R2 for x64 (KB3102521),Windows Server 2012 R2
Language Packs,Microsoft .NET Framework 4.6.1 Language Packs for x64 (KB3102433),Windows 7
Language Packs,Microsoft .NET Framework 4.6.1 Upgrade Language Packs (KB3102433),Windows 7
Language Packs,Microsoft .NET Framework 4.6.1 Upgrade Language Packs for x64 (KB3102433),Windows 7
Language Packs,Office 2003 Service Pack 3 (SP3) for Multilingual User Interface Pack,Office 2003
Language Packs,Office XP Input Method Editor Update: KB835727 for Multilingual User Interface Pack,Office 2002/XP
Language Packs,Office XP Service Pack 3 for Multilingual User Interface Pack,Office 2002/XP
Language Packs,Project 2002 Service Pack 1 for Multilingual User Interface Pack,Office 2002/XP
Language Packs,Project 2003 Service Pack 3 (SP3) for Multilingual User Interface Pack,Office 2003
Language Packs,Remote Desktop Connection (Terminal Services Client 6.0) MUI Language Pack for Windows XP (KB925877),Windows XP
Language Packs,Security Update for Office XP Multilingual User Interface Pack (KB905649),Office 2002/XP
Language Packs,Service Pack 1 for Microsoft Office 2013 Language Interface Pack (KB2817428) 32-Bit Edition,Office 2013
Language Packs,Service Pack 1 for Microsoft Office 2013 Language Interface Pack (KB2817428) 64-Bit Edition,Office 2013
Language Packs,Service Pack 1 for Microsoft Office ScreenTip Language 2013 (KB2817436) 32-Bit Edition,Office 2013
Language Packs,Service Pack 1 for Microsoft Office ScreenTip Language 2013 (KB2817436) 64-Bit Edition,Office 2013
Language Packs,Service Pack 2 for Microsoft Office 2010 Language Pack (KB2687449) 32-Bit Edition,Office 2010
Language Packs,Service Pack 2 for Microsoft Office 2010 Language Pack (KB2687449) 64-Bit Edition,Office 2010
Language Packs,Service Pack 2 for Microsoft Office Language Interface Pack 2010 (KB2687450) 32-Bit Edition,Office 2010
Language Packs,Service Pack 2 for Microsoft Office Language Interface Pack 2010 (KB2687450) 64-Bit Edition,Office 2010
Language Packs,Update for LIP SP2 MUI Resource Loading (KB913808),Windows XP
Language Packs,Update for Microsoft .NET Framework 4.5 Language Packs for x64-based Systems (KB2770446),"Windows Server 2008, Windows 7, Windows Server 2008 R2, Windows Vista"
Language Packs,Update for Microsoft .NET Framework 4.5 Language Packs x86 (KB2770446),"Windows Server 2008, Windows 7, Windows Vista"
Language Packs,Update for Microsoft Office 2016 Language Interface Pack (KB2910955) 32-Bit Edition,Office 2016
Language Packs,Update for Microsoft Office 2016 Language Interface Pack (KB2910955) 64-Bit Edition,Office 2016
Language Packs,Visio 2003 Service Pack 3 (SP3) for Multilingual User Interface Pack,Office 2003
Language Packs,Windows Internet Explorer 7 MUI Pack for Windows XP and Windows Server 2003 (x86),"Windows Server 2003, Windows XP"
Language Packs,Windows Internet Explorer 9 Language Pack for Windows 7 for x64-based Systems,Windows 7
Language Packs,Windows Internet Explorer 9 Language Pack for Windows 7,Windows 7
Language Packs,Windows Internet Explorer 9 Language Pack for Windows Server 2008 for x64-based systems,Windows Server 2008
Language Packs,Windows Internet Explorer 9 Language Pack for Windows Server 2008 R2 for x64-based Systems,Windows Server 2008 R2
Language Packs,Windows Internet Explorer 9 Language Pack for Windows Server 2008,Windows Server 2008
Language Packs,Windows Internet Explorer 9 Language Pack for Windows Vista for x64-based systems,Windows Vista
Language Packs,Windows Internet Explorer 9 Language Pack for Windows Vista,Windows Vista
Pre-release,"Security Update for Microsoft .NET Framework 3.5.1, Windows 7 SP1 Beta, and Windows Server 2008 R2 SP1 Beta for x64-based Systems (KB2416754)","Windows 7, Windows Server 2008 R2"
Pre-release,Security Update for Microsoft .NET Framework 3.5.1 and Windows 7 SP1 Beta x86 (KB2416754),Windows 7
Pre-release,Security Update for Windows 7 Beta (KB958690),Windows 7
Pre-release,Security Update for Windows 7 Beta for x64-based Systems (KB958690),Windows 7
Pre-release,Security Update for Windows 8.1 Preview (KB2876331),Windows 8.1
Pre-release,Security Update for Windows 8.1 Preview for x64-based Systems (KB2876331),Windows 8.1
Pre-release,Security Update for Windows Server 2008 R2 Beta x64 Edition (KB958690),Windows Server 2008 R2
Pre-release,Security Update for Windows Server 2008 Service Pack 2 Beta (KB958690),Windows Server 2008
Pre-release,Security Update for Windows Server 2008 Service Pack 2 Beta x64 Edition (KB958690),Windows Server 2008
Pre-release,Security Update for Windows Server 2008 Service Pack 2 Release Candidate (KB958690),Windows Server 2008
Pre-release,Security Update for Windows Server 2008 Service Pack 2 Release Candidate x64 Edition (KB958690),Windows Server 2008
Pre-release,Security Update for Windows Server 2012 R2 Preview (KB2876331),Windows Server 2012 R2
Pre-release,Security Update for Windows Vista RC1 (KB929969),Windows Vista
Pre-release,Security Update for Windows Vista RC1 x64 Edition (KB929969),Windows Vista
Pre-release,Security Update for Windows Vista Service Pack 2 Beta (KB958690),Windows Vista
Pre-release,Security Update for Windows Vista Service Pack 2 Beta for x64-based Systems (KB958690),Windows Vista
Pre-release,Security Update for Windows Vista Service Pack 2 Release Candidate (KB958690),Windows Vista
Pre-release,Security Update for Windows Vista Service Pack 2 Release Candidate for x64-based Systems (KB958690),Windows Vista
Pre-release,Update for Windows Vista RC1 (925028),Windows Vista
Region - GB,Microsoft Office Accounting 2008 UK Service Pack 1 (KB949426),Office 2007
Region - GB/US,Microsoft Office Accounting 2009 Service Pack 3 (KB2006634),Office 2007
Region - GB/US,Office Accounting 2007 Service Pack 1,Office 2007
Region - GB/US,Update for Microsoft Office Accounting 2007 (KB946690),Office 2007
Region - US,Microsoft Office Accounting 2008 US Service Pack 1 (KB949426),Office 2007
Service Packs - All Languages,Windows Server 2008 Service Pack 2 Standalone (KB948465) - All Languages,Windows Server 2008
Service Packs - All Languages,Windows Server 2008 Service Pack 2 Standalone x64-based Systems (KB948465) - All Languages,Windows Server 2008
Service Packs - All Languages,Windows Vista Service Pack 1 Standalone (KB936330) - All Languages,Windows Vista
Service Packs - All Languages,Windows Vista Service Pack 1 Standalone for x64-based Systems (KB936330) - All Languages,Windows Vista
Service Packs - All Languages,Windows Vista Service Pack 2 Standalone (KB948465) - All Languages,Windows Vista
Service Packs - All Languages,Windows Vista Service Pack 2 Standalone for x64-based Systems (KB948465) - All Languages,Windows Vista
Superseded,"814078: Security Update (Microsoft Jscript version 5.5, Windows 2000)",Windows 2000
Superseded,"Microsoft .NET Framework 3.5, Windows Vista SP1, and Windows Server 2008 Security Update for x64-based Systems (KB979913)","Windows Server 2008, Windows Vista"
Superseded,"Microsoft .NET Framework 3.5, Windows Vista SP1, and Windows Server 2008 Security Update x86 (KB979913)","Windows Server 2008, Windows Vista"
Superseded,"Security Update for .NET Framework 3.5, Windows Vista SP1, and Windows Server 2008 for x64-based Systems (KB2478657)","Windows Server 2008, Windows Vista"
Superseded,"Security Update for .NET Framework 3.5, Windows Vista SP1, and Windows Server 2008 for x64-based Systems (KB2518863)","Windows Server 2008, Windows Vista"
Superseded,"Security Update for .NET Framework 3.5, Windows Vista SP1, and Windows Server 2008 x86 (KB2478657)","Windows Server 2008, Windows Vista"
Superseded,"Security Update for .NET Framework 3.5, Windows Vista SP1, and Windows Server 2008 x86 (KB2518863)","Windows Server 2008, Windows Vista"
Superseded,"Security Update for Microsoft .NET Framework 3.5 on Windows XP, Windows Server 2003, Windows Vista, Windows Server 2008 for x64-based Systems (KB2418240)","Windows Server 2003, Windows Server 2003, Datacenter Edition, Windows XP x64 Edition, Windows Server 2008, Windows Vista"
Superseded,"Security Update for Microsoft .NET Framework 3.5 on Windows XP, Windows Server 2003, Windows Vista, Windows Server 2008 x86 (KB2418240)","Windows Server 2003, Windows XP, Windows Server 2003, Datacenter Edition, Windows Server 2008, Windows Vista"
Superseded,"Security Update for Microsoft .NET Framework 3.5, Windows Vista SP1, and Windows Server 2008 for x64-based Systems (KB2416469)","Windows Server 2008, Windows Vista"
Superseded,"Security Update for Microsoft .NET Framework 3.5, Windows Vista SP1, and Windows Server 2008 x86 (KB2416469)","Windows Server 2008, Windows Vista"
Superseded,"Security Update for Microsoft .NET Framework, Version 2.0 (KB929916)",Windows Vista
Superseded,"Security Update for Windows Media Format Runtime 9, 9.5 & 11 for Windows XP SP 2 (KB954155)",Windows XP
Superseded,"Security Update for Windows Media Format Runtime 9, 9.5 & 11 for Windows XP SP2 (KB978695)",Windows XP
Superseded,"Security Update, February 13, 2002 (MSXML 4.0)",Windows XP
Superseded,"Security Update, February 14, 2002 (Internet Explorer 5.01)",Windows 2000
Superseded,810649: Critical Update,Windows 2000
Superseded,810833: Security Update (Windows 2000),Windows 2000
Superseded,811630: Critical Update (Windows 2000),Windows 2000
Superseded,814033: Critical Update,Windows 2000
Superseded,Critical Update for Office XP on Windows XP Service Pack 2 (KB885884),Windows XP
Superseded,Critical Update for Windows XP (KB885523),Windows XP
Superseded,Critical Update for Windows XP (KB885626),Windows XP
Superseded,Critical Update for Windows XP (KB888162),Windows XP
Superseded,Critical Update for Windows XP Media Center Edition 2004 (KB830786),Windows XP
Superseded,Cumulative Security Update for Internet Explorer 5.01 Service Pack 4 (KB867282),Windows 2000
Superseded,Cumulative Security Update for Internet Explorer 6 Service Pack 1 (KB867282),"Windows 2000, Windows XP"
Superseded,Cumulative Security Update for Internet Explorer 6 Service Pack 1 (KB896688),"Windows XP, Windows 2000"
Superseded,Microsoft .NET Framework 2.0 Security Update for Windows Vista (KB974468),Windows Vista
Superseded,Microsoft .NET Framework 2.0 Security Update for Windows Vista for x64-based Systems (KB974468),Windows Vista
Superseded,Microsoft .NET Framework 2.0 Service Pack 1 Security Update for Windows 2000 (KB971110),Windows 2000
Superseded,Microsoft .NET Framework 2.0 Service Pack 1 Security Update for Windows Vista (KB974292),Windows Vista
Superseded,Microsoft .NET Framework 2.0 Service Pack 1 Security Update for Windows Vista for x64-based Systems (KB974292),Windows Vista
Superseded,Microsoft .NET Framework 2.0 Service Pack 2 Security Update for Windows Vista (KB974467),Windows Vista
Superseded,Microsoft .NET Framework 2.0 Service Pack 2 Security Update for Windows Vista for x64-based Systems (KB974467),Windows Vista
Superseded,Microsoft .NET Framework 3.5 Security Update for Windows Server 2003 and Windows XP x86 (KB982865),"Windows Server 2003, Windows XP, Windows Server 2003, Datacenter Edition"
Superseded,Microsoft .NET Framework 3.5 SP1 Security Update for Windows Vista SP1 and Windows Server 2008 for x64-based Systems (KB979911),"Windows Server 2008, Windows Vista"
Superseded,Microsoft .NET Framework 3.5 SP1 Security Update for Windows Vista SP1 and Windows Server 2008 x86 (KB979911),"Windows Server 2008, Windows Vista"
Superseded,Microsoft .NET Framework 3.5 SP1 Update for Windows Vista SP1 and Windows Server 2008 for x64-based Systems (KB956250),"Windows Server 2008, Windows Vista"
Superseded,Microsoft .NET Framework 3.5 SP1 Update for Windows Vista SP1 and Windows Server 2008 for x64-based Systems (KB982532),"Windows Server 2008, Windows Vista"
Superseded,Microsoft .NET Framework 3.5 SP1 Update for Windows Vista SP1 and Windows Server 2008 for x64-based Systems (KB982535),"Windows Server 2008, Windows Vista"
Superseded,Microsoft .NET Framework 3.5 SP1 Update for Windows Vista SP1 and Windows Server 2008 x86 (KB956250),"Windows Server 2008, Windows Vista"
Superseded,Microsoft .NET Framework 3.5 SP1 Update for Windows Vista SP1 and Windows Server 2008 x86 (KB982532),"Windows Server 2008, Windows Vista"
Superseded,Microsoft .NET Framework 3.5 SP1 Update for Windows Vista SP1 and Windows Server 2008 x86 (KB982535),"Windows Server 2008, Windows Vista"
Superseded,Microsoft SQL Server 2008 R2 Service Pack 1 (KB2528583),SQL Server 2008 R2
Superseded,Microsoft SQL Server 2008 Service Pack 3 (KB2546951),SQL Server 2008
Superseded,Network Diagnostic Tool (KB914440),Windows XP
Superseded,Q320206: Security Update,Windows 2000
Superseded,Q326830: Security Update (Windows 2000),Windows 2000
Superseded,Q329115: Security Update (Windows 2000),Windows 2000
Superseded,Q329414: Security Update (MDAC 2.5),Windows 2000
Superseded,Q329414: Security Update (MDAC 2.6),Windows 2000
Superseded,Q329553: Critical Update (Windows 2000),Windows 2000
Superseded,Q811114: Security Update (Windows 2000 with Service Pack 2 or Service Pack 3),Windows 2000
Superseded,Q815487: Critical update for Windows XP Media Center Edition,Windows XP
Superseded,Security Update (326886),Windows 2000
Superseded,Security Update for .NET Framework 3.5 on Windows Server 2003 and Windows XP x86 (KB2478656),"Windows Server 2003, Windows XP, Windows Server 2003, Datacenter Edition"
Superseded,Security Update for .NET Framework 3.5 on Windows Server 2003 and Windows XP x86 (KB2530095),"Windows Server 2003, Windows XP, Windows Server 2003, Datacenter Edition"
Superseded,Security Update for .NET Framework 3.5 on Windows Vista SP1 and Windows Server 2008 for x64-based Systems (KB983587),"Windows Server 2008, Windows Vista"
Superseded,Security Update for .NET Framework 3.5 on Windows Vista SP1 and Windows Server 2008 x86 (KB983587),"Windows Server 2008, Windows Vista"
Superseded,Security Update for .NET Framework 3.5 SP1 on Windows Vista SP1 and Windows Server 2008 for x64-based Systems (KB2478659),"Windows Server 2008, Windows Vista"
Superseded,Security Update for .NET Framework 3.5 SP1 on Windows Vista SP1 and Windows Server 2008 for x64-based Systems (KB2518865),"Windows Server 2008, Windows Vista"
Superseded,Security Update for .NET Framework 3.5 SP1 on Windows Vista SP1 and Windows Server 2008 x86 (KB2478659),"Windows Server 2008, Windows Vista"
Superseded,Security Update for .NET Framework 3.5 SP1 on Windows Vista SP1 and Windows Server 2008 x86 (KB2518865),"Windows Server 2008, Windows Vista"
Superseded,Security Update for DirectX 8 for Windows 2000 (KB971633),Windows 2000
Superseded,Security Update for DirectX 8.0 (KB839643),Windows 2000
Superseded,Security Update for DirectX 8.1 (KB839643),Windows 2000
Superseded,Security Update for DirectX 9 for Windows XP (KB904706),Windows XP
Superseded,Security Update for Exchange Server 2003 (KB894549),Exchange Server 2003
Superseded,Security Update for Exchange Server 2003 Service Pack 1 (KB894549),Exchange Server 2003
Superseded,Security Update for Exchange Server 2003 Service Pack 1 (KB931832) - Cluster,Exchange Server 2003
Superseded,Security Update for Exchange Server 2003 Service Pack 1 (KB931832) - Non-cluster,Exchange Server 2003
Superseded,Security Update For Exchange Server 2013 CU1 (KB2874216),Exchange Server 2013
Superseded,Security Update For Exchange Server 2013 CU2 (KB2880833),Exchange Server 2013
Superseded,Security Update For Exchange Server 2013 CU3 (KB2880833),Exchange Server 2013
Superseded,Security Update for Internet Explorer 6 Service Pack 1 (KB925486),Windows XP
Superseded,Security Update for Microsoft .NET Framework 2.0 (KB947746),Windows 2000
Superseded,Security Update for Microsoft .NET Framework 2.0 Service Pack 1 (KB972591),Windows Vista
Superseded,Security Update for Microsoft .NET Framework 2.0 Service Pack 2 (KB972592),Windows Vista
Superseded,Security Update for Microsoft .NET Framework 3.5 on Windows Server 2003 and Windows XP x86 (KB2416468),"Windows Server 2003, Windows XP, Windows Server 2003, Datacenter Edition"
Superseded,Security Update for Microsoft .NET Framework 3.5 SP1 on Windows Vista SP1 and Windows Server 2008 for x64-based Systems (KB2416474),"Windows Server 2008, Windows Vista"
Superseded,Security Update for Microsoft .NET Framework 3.5 SP1 on Windows Vista SP1 and Windows Server 2008 x86 (KB2416474),"Windows Server 2008, Windows Vista"
Superseded,Security Update for Microsoft .NET Framework 3.5.1 on Windows 7 and Windows Server 2008 R2 for x64-based Systems (KB2604114),"Windows 7, Windows Server 2008 R2"
Superseded,Security Update for Microsoft .NET Framework 3.5.1 on Windows 7 and Windows Server 2008 R2 for x64-based Systems (KB2656355),"Windows 7, Windows Server 2008 R2"
Superseded,Security Update for Microsoft .NET Framework 3.5.1 on Windows 7 and Windows Server 2008 R2 for x64-based Systems (KB2656410),"Windows 7, Windows Server 2008 R2"
Superseded,Security Update for Microsoft .NET Framework 3.5.1 on Windows 7 and Windows Server 2008 R2 for x64-based Systems (KB2729451),"Windows 7, Windows Server 2008 R2"
Superseded,Security Update for Microsoft .NET Framework 3.5.1 on Windows 7 and Windows Server 2008 R2 for x64-based Systems (KB2736418),"Windows 7, Windows Server 2008 R2"
Superseded,Security Update for Microsoft .NET Framework 3.5.1 on Windows 7 and Windows Server 2008 R2 for x64-based Systems (KB2742598),"Windows 7, Windows Server 2008 R2"
Superseded,Security Update for Microsoft .NET Framework 3.5.1 on Windows 7 and Windows Server 2008 R2 for x64-based Systems (KB2756920),"Windows 7, Windows Server 2008 R2"
Superseded,Security Update for Microsoft .NET Framework 3.5.1 on Windows 7 and Windows Server 2008 R2 for x64-based Systems (KB2789644),"Windows 7, Windows Server 2008 R2, Windows Embedded Standard 7"
Superseded,Security Update for Microsoft .NET Framework 3.5.1 on Windows 7 x86 (KB2604114),Windows 7
Superseded,Security Update for Microsoft .NET Framework 3.5.1 on Windows 7 x86 (KB2656355),Windows 7
Superseded,Security Update for Microsoft .NET Framework 3.5.1 on Windows 7 x86 (KB2656410),Windows 7
Superseded,Security Update for Microsoft .NET Framework 3.5.1 on Windows 7 x86 (KB2729451),Windows 7
Superseded,Security Update for Microsoft .NET Framework 3.5.1 on Windows 7 x86 (KB2736418),Windows 7
Superseded,Security Update for Microsoft .NET Framework 3.5.1 on Windows 7 x86 (KB2742598),Windows 7
Superseded,Security Update for Microsoft .NET Framework 3.5.1 on Windows 7 x86 (KB2756920),Windows 7
Superseded,Security Update for Microsoft .NET Framework 3.5.1 on Windows 7 x86 (KB2789644),"Windows 7, Windows Embedded Standard 7"
Superseded,Security Update for Microsoft .NET Framework 4 on Windows Vista SP2 and Windows Server 2008 SP2  x86 (KB3099866),"Windows Server 2008, Windows Vista"
Superseded,Security Update for Microsoft .NET Framework 4 on Windows Vista SP2 and Windows Server 2008 SP2 x64 (KB3099866),"Windows Server 2008, Windows Vista"
Superseded,Security Update for Microsoft .NET Framework 4.5 and 4.5.1 on Windows 8 (KB2894855),Windows 8
Superseded,Security Update for Microsoft .NET Framework 4.5 and 4.5.1 on Windows 8 and Windows Server 2012 for x64-based Systems (KB2894855),"Windows 8, Windows Server 2012"
Superseded,Security Update for Microsoft .NET Framework 4.5 on Vista and Server 2008 for x64 (KB2861193),"Windows Server 2008, Windows Vista"
Superseded,Security Update for Microsoft .NET Framework 4.5 on Windows 8 (KB2737084),Windows 8
Superseded,Security Update for Microsoft .NET Framework 4.5 on Windows 8 (KB2840632),Windows 8
Superseded,Security Update for Microsoft .NET Framework 4.5 on Windows 8 (KB2898865),Windows 8
Superseded,Security Update for Microsoft .NET Framework 4.5 on Windows 8 and Windows Server 2012 for x64 (KB2742614),"Windows 8, Windows Server 2012"
Superseded,Security Update for Microsoft .NET Framework 4.5 on Windows 8 and Windows Server 2012 for x64-based Systems (KB2737084),"Windows 8, Windows Server 2012"
Superseded,Security Update for Microsoft .NET Framework 4.5 on Windows 8 and Windows Server 2012 for x64-based Systems (KB2840632),"Windows 8, Windows Server 2012"
Superseded,Security Update for Microsoft .NET Framework 4.5 on Windows 8 and Windows Server 2012 for x64-based Systems (KB2861702),"Windows 8, Windows Server 2012"
Superseded,Security Update for Microsoft .NET Framework 4.5 on Windows 8 and Windows Server 2012 for x64-based Systems (KB2898865),"Windows 8, Windows Server 2012"
Superseded,Security Update for Microsoft .NET Framework 4.5 on Windows 8 x86 (KB2742614),Windows 8
Superseded,Security Update for Microsoft .NET Framework 4.5 on Windows 8 x86 (KB2861702),Windows 8
Superseded,Security Update for Microsoft .NET Framework 4.5 on Windows Vista and Windows Server 2008 x86 (KB2861193),"Windows Server 2008, Windows Vista"
Superseded,Security Update for Microsoft .NET Framework 4.5.1 on Windows 8 (KB2898870),Windows 8
Superseded,Security Update for Microsoft .NET Framework 4.5.1 on Windows 8 and Windows Server 2012 for x64-based Systems (KB2898870),"Windows 8, Windows Server 2012"
Superseded,Security Update for Microsoft Visual Studio 2005 (KB925674),Visual Studio 2005
Superseded,Security Update for Microsoft Visual Studio 2005 (KB937060),Visual Studio 2005
Superseded,Security Update for Microsoft Visual Studio 2008 (KB971091),Visual Studio 2008
Superseded,Security Update for Microsoft Visual Studio 2008 (KB972221),Visual Studio 2008
Superseded,Security Update for Microsoft Visual Studio 2010 (KB2542054),Visual Studio 2010
Superseded,Security Update for Microsoft Visual Studio 2010 (KB2644980),Visual Studio 2010
Superseded,Security Update for SQL Server 2008 R2 (KB2494086),SQL Server 2008 R2
Superseded,Security Update for SQL Server 2008 R2 (KB2494088),SQL Server 2008 R2
Superseded,Security Update for SQL Server 2008 R2 Service Pack 1 (KB2716439),SQL Server 2008 R2
Superseded,Security Update for SQL Server 2008 R2 Service Pack 1 (KB2716440),SQL Server 2008 R2
Superseded,Security Update for SQL Server 2008 R2 Service Pack 2 (KB3045312),SQL Server 2008 R2
Superseded,Security Update for SQL Server 2008 R2 Service Pack 2 (KB3045313),SQL Server 2008 R2
Superseded,Security Update for SQL Server 2008 Service Pack 2 (KB2716433),SQL Server 2008
Superseded,Security Update for SQL Server 2008 Service Pack 2 (KB2716434),SQL Server 2008
Superseded,Security Update for SQL Server 2008 Service Pack 3 (KB3045303),SQL Server 2008
Superseded,Security Update for SQL Server 2008 Service Pack 3 (KB3045305),SQL Server 2008
Superseded,Security Update for SQL Server 2012 RTM (KB2716441),Microsoft SQL Server 2012
Superseded,Security Update for SQL Server 2012 RTM (KB2716442),Microsoft SQL Server 2012
Superseded,Security Update for SQL Server 2012 Service Pack 1 (KB3045317),Microsoft SQL Server 2012
Superseded,Security Update for SQL Server 2012 Service Pack 1 (KB3045318),Microsoft SQL Server 2012
Superseded,Security Update for SQL Server 2012 Service Pack 2 (KB3045319),Microsoft SQL Server 2012
Superseded,Security Update for SQL Server 2012 Service Pack 2 (KB3045321),Microsoft SQL Server 2012
Superseded,Security Update for SQL Server 2014 (KB3045323),Microsoft SQL Server 2014
Superseded,Security Update for SQL Server 2014 (KB3045324),Microsoft SQL Server 2014
Superseded,Security Update for Windows 2000 (329834),Windows 2000
Superseded,Security Update for Windows 2000 (819696),Windows 2000
Superseded,Security Update for Windows 8.1 (KB2961858) without KB2919355,Windows 8.1
Superseded,Security Update for Windows 8.1 (KB2961899) without KB2919355,Windows 8.1
Superseded,Security Update for Windows 8.1 (KB2961908) without KB2919355,Windows 8.1
Superseded,Security Update for Windows 8.1 (KB2965161) without KB2919355,Windows 8.1
Superseded,Security Update for Windows 8.1 (KB2973408) without KB2919355,Windows 8.1
Superseded,Security Update for Windows 8.1 (KB2973906) without KB2919355,Windows 8.1
Superseded,Security Update for Windows 8.1 (KB2975625) without KB2919355,Windows 8.1
Superseded,Security Update for Windows 8.1 for x64-based Systems (KB2961858) without KB2919355,Windows 8.1
Superseded,Security Update for Windows 8.1 for x64-based Systems (KB2961899) without KB2919355,Windows 8.1
Superseded,Security Update for Windows 8.1 for x64-based Systems (KB2961908) without KB2919355,Windows 8.1
Superseded,Security Update for Windows 8.1 for x64-based Systems (KB2965161) without KB2919355,Windows 8.1
Superseded,Security Update for Windows 8.1 for x64-based Systems (KB2973408) without KB2919355,Windows 8.1
Superseded,Security Update for Windows 8.1 for x64-based Systems (KB2973906) without KB2919355,Windows 8.1
Superseded,Security Update for Windows 8.1 for x64-based Systems (KB2975625) without KB2919355,Windows 8.1
Superseded,Security Update for Windows Media Player 9 for Windows XP SP2 (KB979402),Windows XP
Superseded,Security Update for Windows Media Services (KB832359),Windows 2000
Superseded,Security Update for Windows Messenger (KB887472),Windows XP
Superseded,Security Update for Windows Server 2012 R2 (KB2961858) without KB2919355,Windows Server 2012 R2
Superseded,Security Update for Windows Server 2012 R2 (KB2961899) without KB2919355,Windows Server 2012 R2
Superseded,Security Update for Windows Server 2012 R2 (KB2961908) without KB2919355,Windows Server 2012 R2
Superseded,Security Update for Windows Server 2012 R2 (KB2962073) without KB2919355,Windows Server 2012 R2
Superseded,Security Update for Windows Server 2012 R2 (KB2965161) without KB2919355,Windows Server 2012 R2
Superseded,Security Update for Windows Server 2012 R2 (KB2973408) without KB2919355,Windows Server 2012 R2
Superseded,Security Update for Windows Server 2012 R2 (KB2973906) without KB2919355,Windows Server 2012 R2
Superseded,Security Update for Windows Server 2012 R2 (KB2975625) without KB2919355,Windows Server 2012 R2
Superseded,Security Update for Windows Vista Service Pack 1 (KB979688),Windows Vista
Superseded,Security Update for Windows Vista Service Pack 1 for x64-based Systems (KB979688),Windows Vista
Superseded,Security Update for Windows XP Service Pack 2 (KB952069),Windows XP
Superseded,Security Update for Windows XP Service Pack 2 (KB972187),Windows XP
Superseded,Security Update for Windows XP Service Pack 2 (KB973540),Windows XP
Superseded,SQL Server 2005 Books Online (February 2007),SQL Server 2005
Superseded,Update for Exchange Server 2003 (KB888619),Exchange Server 2003
Superseded,Update for Exchange Server 2003 Service Pack 1 (KB931978) - Cluster,Exchange Server 2003
Superseded,Update for Exchange Server 2003 Service Pack 1 (KB931978) - Non-cluster,Exchange Server 2003
Superseded,Update for Internet Explorer 6 for Windows XP (KB946627),Windows XP
Superseded,Update for Microsoft .NET Framework 3.0 (KB932394),"Windows Server 2003, Windows Server 2003, Datacenter Edition, Windows XP, Windows XP x64 Edition"
Superseded,Update for Microsoft Office Outlook 2007 Junk Email Filter (KB2825642),Office 2007
Superseded,Update for Microsoft Office Outlook 2007 Junk Email Filter (KB2880505),Office 2007
Superseded,Update for Microsoft SkyDrive Pro (KB2837652) 64-Bit Edition,Office 2013
Superseded,Update for Microsoft Visual Studio 2012 (KB2781514),Visual Studio 2012
Superseded,Update for Microsoft Visual Studio 2013 Update 1 (KB2932965),Visual Studio 2013
Superseded,Update for Microsoft Visual Studio Team Foundation Server 2013 (KB2989279),Visual Studio 2013
Superseded,Update for Office SharePoint Foundation 2010 (KB2553014),Office 2010
Superseded,Update Rollup 10 for Exchange Server 2007 Service Pack 1 (KB981407),Exchange Server 2007
Superseded,Update Rollup 5 for Exchange Server 2007 Service Pack 2 (KB2407132),Exchange Server 2007
Superseded,Update Rollup 5 for Exchange Server 2010 (KB2407113),Exchange Server 2010
Superseded,Update Rollup 7 for Exchange Server 2007 (KB953469),Exchange Server 2007
Superseded,Update Rollup 7-v2 for Exchange Server 2010 Service Pack 1 (KB2756496),Exchange Server 2010
Superseded,Update Rollup 8 for Exchange Server 2010 Service Pack 1 (KB2787763),Exchange Server 2010
Superseded,Update Rollup 8 for Exchange Server 2010 Service Pack 2 (KB2903903),Exchange Server 2010
Superseded,Update Rollup 8-v2 for Exchange Server 2007 Service Pack 3 (KB2756497),Exchange Server 2007
Superseded,Windows Malicious Software Removal Tool x64 - January 2008 (KB890830),Windows Vista
Upgrade - en-GB,"Upgrade to Windows 10 Education N, version 1511, 10586 - en-gb, Volume","Windows 10, Windows 8.1, Windows 7"
Upgrade - en-US,"Upgrade to Windows 10 Education N, version 1511, 10586 - en-us, Volume","Windows 10, Windows 8.1, Windows 7"
Upgrade - en-GB,"Upgrade to Windows 10 Education, version 1511, 10586 - en-gb, Volume","Windows 10, Windows 8.1, Windows 7"
Upgrade - en-US,"Upgrade to Windows 10 Education, version 1511, 10586 - en-us, Volume","Windows 10, Windows 8.1, Windows 7"
Upgrade - en-GB,"Upgrade to Windows 10 Enterprise N, version 1511, 10586 - en-gb, Volume","Windows 10, Windows 8.1, Windows 7"
Upgrade - en-US,"Upgrade to Windows 10 Enterprise N, version 1511, 10586 - en-us, Volume","Windows 10, Windows 8.1, Windows 7"
Upgrade - en-GB,"Upgrade to Windows 10 Enterprise, version 1511, 10586 - en-gb, Volume","Windows 10, Windows 8.1, Windows 7"
Upgrade - en-US,"Upgrade to Windows 10 Enterprise, version 1511, 10586 - en-us, Volume","Windows 10, Windows 8.1, Windows 7"
Upgrade - en-GB,"Upgrade to Windows 10 Pro N, version 1511, 10586 - en-gb, Retail","Windows 10, Windows 8.1, Windows 7"
Upgrade - en-GB,"Upgrade to Windows 10 Pro N, version 1511, 10586 - en-gb, Volume","Windows 10, Windows 8.1, Windows 7"
Upgrade - en-US,"Upgrade to Windows 10 Pro N, version 1511, 10586 - en-us, Retail","Windows 10, Windows 8.1, Windows 7"
Upgrade - en-US,"Upgrade to Windows 10 Pro N, version 1511, 10586 - en-us, Volume","Windows 10, Windows 8.1, Windows 7"
Upgrade - en-GB,"Upgrade to Windows 10 Pro, version 1511, 10586 - en-gb, Retail","Windows 10, Windows 8.1, Windows 7"
Upgrade - en-GB,"Upgrade to Windows 10 Pro, version 1511, 10586 - en-gb, Volume","Windows 10, Windows 8.1, Windows 7"
Upgrade - en-US,"Upgrade to Windows 10 Pro, version 1511, 10586 - en-us, Retail","Windows 10, Windows 8.1, Windows 7"
Upgrade - en-US,"Upgrade to Windows 10 Pro, version 1511, 10586 - en-us, Volume","Windows 10, Windows 8.1, Windows 7"
Upgrade - en-GB,"Windows 7 and 8.1 upgrade to Windows 10 Education N, version 1511, 10586 - en-gb, Volume","Windows 10, Windows 8.1, Windows 7"
Upgrade - en-US,"Windows 7 and 8.1 upgrade to Windows 10 Education N, version 1511, 10586 - en-us, Volume","Windows 10, Windows 8.1, Windows 7"
Upgrade - en-GB,"Windows 7 and 8.1 upgrade to Windows 10 Education, version 1511, 10586 - en-gb, Volume","Windows 10, Windows 8.1, Windows 7"
Upgrade - en-US,"Windows 7 and 8.1 upgrade to Windows 10 Education, version 1511, 10586 - en-us, Volume","Windows 10, Windows 8.1, Windows 7"
Upgrade - en-GB,"Windows 7 and 8.1 upgrade to Windows 10 Enterprise N, version 1511, 10586 - en-gb, Volume","Windows 10, Windows 8.1, Windows 7"
Upgrade - en-US,"Windows 7 and 8.1 upgrade to Windows 10 Enterprise N, version 1511, 10586 - en-us, Volume","Windows 10, Windows 8.1, Windows 7"
Upgrade - en-GB,"Windows 7 and 8.1 upgrade to Windows 10 Enterprise, version 1511, 10586 - en-gb, Volume","Windows 10, Windows 8.1, Windows 7"
Upgrade - en-US,"Windows 7 and 8.1 upgrade to Windows 10 Enterprise, version 1511, 10586 - en-us, Volume","Windows 10, Windows 8.1, Windows 7"
Upgrade - en-GB,"Windows 7 and 8.1 upgrade to Windows 10 Pro N, version 1511, 10586 - en-gb, Retail","Windows 10, Windows 8.1, Windows 7"
Upgrade - en-GB,"Windows 7 and 8.1 upgrade to Windows 10 Pro N, version 1511, 10586 - en-gb, Volume","Windows 10, Windows 8.1, Windows 7"
Upgrade - en-US,"Windows 7 and 8.1 upgrade to Windows 10 Pro N, version 1511, 10586 - en-us, Retail","Windows 10, Windows 8.1, Windows 7"
Upgrade - en-US,"Windows 7 and 8.1 upgrade to Windows 10 Pro N, version 1511, 10586 - en-us, Volume","Windows 10, Windows 8.1, Windows 7"
Upgrade - en-GB,"Windows 7 and 8.1 upgrade to Windows 10 Pro, version 1511, 10586 - en-gb, Retail","Windows 10, Windows 8.1, Windows 7"
Upgrade - en-GB,"Windows 7 and 8.1 upgrade to Windows 10 Pro, version 1511, 10586 - en-gb, Volume","Windows 10, Windows 8.1, Windows 7"
Upgrade - en-US,"Windows 7 and 8.1 upgrade to Windows 10 Pro, version 1511, 10586 - en-us, Retail","Windows 10, Windows 8.1, Windows 7"
Upgrade - en-US,"Windows 7 and 8.1 upgrade to Windows 10 Pro, version 1511, 10586 - en-us, Volume","Windows 10, Windows 8.1, Windows 7"